"Date","Dernier","Ouv."," Plus Haut","Plus Bas","Vol.","Variation %"
"29/12/2023","376,04","376,00","377,16","373,48","18,73M","0,20%"
"28/12/2023","375,28","375,37","376,46","374,16","14,19M","0,32%"
"27/12/2023","374,07","373,69","375,06","372,81","14,87M","-0,16%"
"26/12/2023","374,66","375,00","376,94","373,50","12,65M","0,02%"
"22/12/2023","374,58","373,68","375,18","372,71","17,11M","0,28%"
"21/12/2023","373,54","372,56","374,41","370,04","17,63M","0,79%"
"20/12/2023","370,62","375,00","376,03","370,53","26,02M","-0,71%"
"19/12/2023","373,26","371,49","373,26","369,84","20,53M","0,16%"
"18/12/2023","372,65","369,45","373,00","368,68","21,80M","0,52%"
"15/12/2023","370,73","366,85","372,40","366,28","78,50M","1,31%"
"14/12/2023","365,93","373,31","373,76","364,13","43,07M","-2,25%"
"13/12/2023","374,37","376,02","377,64","370,77","30,36M","0,00%"
"12/12/2023","374,38","370,85","374,42","370,46","24,71M","0,83%"
"11/12/2023","371,30","368,48","371,60","366,10","27,66M","-0,78%"
"08/12/2023","374,23","369,20","374,46","368,23","20,15M","0,88%"
"07/12/2023","370,95","368,23","371,45","366,32","22,87M","0,58%"
"06/12/2023","368,80","373,54","374,18","368,03","21,12M","-1,00%"
"05/12/2023","372,52","366,45","373,08","365,62","22,92M","0,92%"
"04/12/2023","369,14","369,10","369,52","362,90","31,94M","-1,43%"
"01/12/2023","374,51","376,76","378,16","371,31","33,04M","-1,16%"
"30/11/2023","378,91","378,49","380,09","375,47","29,35M","0,02%"
"29/11/2023","378,85","383,76","384,30","377,44","24,36M","-1,01%"
"28/11/2023","382,70","378,35","383,00","378,16","20,33M","1,08%"
"27/11/2023","378,61","376,78","380,64","376,20","22,14M","0,31%"
"24/11/2023","377,43","377,33","377,97","375,14","9,38M","-0,11%"
"22/11/2023","377,85","378,00","379,79","374,96","23,36M","1,28%"
"21/11/2023","373,07","375,67","376,22","371,12","28,42M","-1,16%"
"20/11/2023","377,44","371,22","378,87","371,00","52,53M","2,05%"
"17/11/2023","369,85","373,61","374,37","367,00","40,33M","-1,68%"
"16/11/2023","376,17","370,96","376,35","370,18","26,43M","1,76%"
"15/11/2023","369,67","371,28","373,13","367,11","26,15M","-0,16%"
"14/11/2023","370,27","371,01","371,95","367,35","26,81M","0,98%"
"13/11/2023","366,68","368,22","368,47","365,90","19,94M","-0,81%"
"10/11/2023","369,67","361,49","370,10","361,07","28,07M","2,49%"
"09/11/2023","360,69","362,30","364,79","360,36","23,82M","-0,69%"
"08/11/2023","363,20","361,68","363,87","360,55","25,73M","0,74%"
"07/11/2023","360,53","359,40","362,46","357,63","25,74M","1,12%"
"06/11/2023","356,53","353,45","357,54","353,35","23,29M","1,06%"
"03/11/2023","352,80","349,63","354,39","347,33","23,64M","1,29%"
"02/11/2023","348,32","347,24","348,83","344,77","24,10M","0,65%"
"01/11/2023","346,07","339,79","347,42","339,65","28,16M","2,35%"
"31/10/2023","338,11","338,85","339,00","334,69","19,75M","0,24%"
"30/10/2023","337,31","333,41","339,45","331,83","22,78M","2,27%"
"27/10/2023","329,81","330,42","336,72","328,40","29,86M","0,59%"
"26/10/2023","327,89","340,54","341,63","326,94","37,23M","-3,75%"
"25/10/2023","340,67","345,02","346,20","337,62","54,46M","3,07%"
"24/10/2023","330,53","331,30","331,84","327,60","27,52M","0,37%"
"23/10/2023","329,32","325,47","332,73","324,39","24,32M","0,81%"
"20/10/2023","326,67","331,72","331,92","325,45","25,03M","-1,40%"
"19/10/2023","331,32","332,15","336,88","330,91","24,91M","0,37%"
"18/10/2023","330,11","332,49","335,59","328,30","23,03M","-0,59%"
"17/10/2023","332,06","329,59","333,46","327,41","18,00M","-0,17%"
"16/10/2023","332,64","331,05","336,14","330,60","22,10M","1,50%"
"13/10/2023","327,73","332,38","333,83","326,36","21,09M","-1,04%"
"12/10/2023","331,16","330,57","333,63","328,72","19,27M","-0,38%"
"11/10/2023","332,42","331,21","332,82","329,14","19,83M","1,23%"
"10/10/2023","328,39","330,96","331,10","327,67","20,52M","-0,43%"
"09/10/2023","329,82","324,75","330,30","323,18","19,89M","0,78%"
"06/10/2023","327,26","316,55","329,19","316,30","25,67M","2,47%"
"05/10/2023","319,36","319,09","319,98","314,90","16,94M","0,13%"
"04/10/2023","318,95","314,03","320,04","314,00","20,25M","1,78%"
"03/10/2023","313,39","320,83","321,39","311,21","20,59M","-2,61%"
"02/10/2023","321,80","316,28","321,89","315,18","20,57M","1,92%"
"29/09/2023","315,75","317,75","319,47","314,98","24,15M","0,67%"
"28/09/2023","313,64","310,99","315,48","309,45","19,30M","0,27%"
"27/09/2023","312,79","312,30","314,30","309,69","19,31M","0,21%"
"26/09/2023","312,14","315,13","315,88","310,02","26,06M","-1,70%"
"25/09/2023","317,54","316,59","317,67","315,00","16,54M","0,17%"
"22/09/2023","317,01","321,32","321,45","316,15","21,45M","-0,79%"
"21/09/2023","319,53","319,26","325,35","315,00","34,45M","-0,39%"
"20/09/2023","320,77","329,51","329,59","320,51","20,16M","-2,40%"
"19/09/2023","328,65","326,17","329,39","324,51","16,49M","-0,12%"
"18/09/2023","329,06","327,80","330,40","326,36","16,63M","-0,35%"
"15/09/2023","330,22","336,92","337,40","329,65","37,68M","-2,50%"
"14/09/2023","338,70","339,15","340,86","336,57","20,17M","0,79%"
"13/09/2023","336,06","331,31","336,85","331,17","16,47M","1,29%"
"12/09/2023","331,77","335,82","336,79","331,48","17,16M","-1,83%"
"11/09/2023","337,94","337,24","338,42","335,43","15,86M","1,10%"
"08/09/2023","334,27","330,09","336,16","329,46","19,55M","1,32%"
"07/09/2023","329,91","331,29","333,08","329,03","17,81M","-0,89%"
"06/09/2023","332,88","333,38","334,46","330,18","17,35M","-0,20%"
"05/09/2023","333,55","329,00","334,85","328,66","18,09M","1,49%"
"01/09/2023","328,66","331,31","331,99","326,78","14,94M","0,27%"
"31/08/2023","327,76","329,20","330,91","326,78","26,26M","-0,31%"
"30/08/2023","328,79","328,67","329,81","326,45","15,00M","0,12%"
"29/08/2023","328,41","321,88","328,98","321,88","19,07M","1,46%"
"28/08/2023","323,70","325,66","326,15","321,72","14,56M","0,22%"
"25/08/2023","322,98","321,47","325,36","318,80","21,68M","0,94%"
"24/08/2023","319,97","332,85","332,98","319,96","21,48M","-2,15%"
"23/08/2023","327,00","323,82","329,20","323,46","19,45M","1,41%"
"22/08/2023","322,46","325,50","326,08","321,46","16,05M","0,18%"
"21/08/2023","321,88","317,93","322,77","317,04","21,79M","1,71%"
"18/08/2023","316,48","314,49","318,38","311,55","24,76M","-0,13%"
"17/08/2023","316,88","320,54","321,87","316,21","20,22M","-1,10%"
"16/08/2023","320,40","320,80","324,42","319,80","19,55M","-0,45%"
"15/08/2023","321,86","323,00","325,09","320,90","16,80M","-0,67%"
"14/08/2023","324,04","321,39","324,06","320,08","18,84M","0,94%"
"11/08/2023","321,01","320,26","322,41","319,21","24,36M","-0,59%"
"10/08/2023","322,93","326,02","328,26","321,18","20,00M","0,22%"
"09/08/2023","322,23","326,47","327,11","321,05","19,12M","-1,17%"
"08/08/2023","326,05","326,96","328,75","323,00","22,19M","-1,23%"
"07/08/2023","330,11","328,37","331,11","327,52","17,74M","0,71%"
"04/08/2023","327,78","331,88","335,14","327,24","23,74M","0,34%"
"03/08/2023","326,66","326,00","329,88","325,95","17,96M","-0,26%"
"02/08/2023","327,50","333,63","333,63","326,36","27,43M","-2,63%"
"01/08/2023","336,34","335,19","338,54","333,70","18,15M","0,13%"
"31/07/2023","335,92","336,92","337,70","333,36","25,34M","-0,72%"
"28/07/2023","338,37","333,67","340,01","333,17","28,48M","2,31%"
"27/07/2023","330,72","340,48","341,33","329,05","39,64M","-2,09%"
"26/07/2023","337,77","341,44","344,67","333,11","58,38M","-3,76%"
"25/07/2023","350,98","347,11","351,89","345,07","41,64M","1,70%"
"24/07/2023","345,11","345,85","346,92","342,31","25,66M","0,39%"
"21/07/2023","343,77","349,15","350,30","339,83","69,41M","-0,89%"
"20/07/2023","346,87","353,57","357,97","345,37","33,78M","-2,31%"
"19/07/2023","355,08","361,75","362,46","352,43","39,73M","-1,23%"
"18/07/2023","359,49","345,83","366,78","342,17","64,52M","3,98%"
"17/07/2023","345,73","345,68","346,99","342,20","20,03M","0,14%"
"14/07/2023","345,24","347,59","351,43","344,31","28,35M","0,75%"
"13/07/2023","342,66","339,56","343,74","339,02","20,57M","1,62%"
"12/07/2023","337,20","336,60","341,65","335,67","29,35M","1,42%"
"11/07/2023","332,47","331,06","332,86","327,00","26,38M","0,19%"
"10/07/2023","331,83","334,60","335,23","327,59","32,73M","-1,60%"
"07/07/2023","337,22","339,32","341,79","337,00","21,21M","-1,19%"
"06/07/2023","341,27","337,30","342,99","335,50","28,02M","0,92%"
"05/07/2023","338,15","335,09","341,65","334,73","18,07M","0,05%"
"03/07/2023","337,99","339,49","340,85","336,60","12,51M","-0,75%"
"30/06/2023","340,54","337,75","342,73","337,20","26,83M","1,64%"
"29/06/2023","335,05","334,71","336,11","332,62","16,86M","-0,24%"
"28/06/2023","335,85","334,66","337,98","333,81","19,52M","0,38%"
"27/06/2023","334,57","331,86","336,15","329,30","23,68M","1,82%"
"26/06/2023","328,60","333,72","336,11","328,49","21,25M","-1,92%"
"23/06/2023","335,02","334,36","337,96","333,45","23,15M","-1,38%"
"22/06/2023","339,71","334,12","340,12","333,34","23,03M","1,84%"
"21/06/2023","333,56","336,37","337,73","332,07","24,87M","-1,33%"
"20/06/2023","338,05","339,31","342,08","335,86","26,01M","-1,25%"
"16/06/2023","342,33","351,32","351,47","341,95","46,55M","-1,66%"
"15/06/2023","348,10","337,48","349,84","337,20","38,61M","3,19%"
"14/06/2023","337,34","334,34","339,04","332,81","25,83M","0,91%"
"13/06/2023","334,29","334,46","336,98","330,39","22,66M","0,74%"
"12/06/2023","331,85","328,58","332,10","325,16","24,18M","1,55%"
"09/06/2023","326,79","324,99","329,99","324,41","22,53M","0,47%"
"08/06/2023","325,26","323,93","326,64","323,35","23,28M","0,58%"
"07/06/2023","323,38","331,65","334,49","322,50","40,72M","-3,09%"
"06/06/2023","333,68","335,33","335,37","332,17","20,21M","-0,67%"
"05/06/2023","335,94","335,22","338,56","334,66","21,11M","0,16%"
"02/06/2023","335,40","334,25","337,50","332,55","25,87M","0,85%"
"01/06/2023","332,58","325,93","333,53","324,72","25,80M","1,28%"
"31/05/2023","328,39","332,29","335,94","327,33","45,55M","-0,85%"
"30/05/2023","331,21","335,23","335,74","330,52","29,41M","-0,50%"
"26/05/2023","332,89","324,02","333,40","323,88","36,63M","2,14%"
"25/05/2023","325,92","323,24","326,90","320,00","41,89M","3,85%"
"24/05/2023","313,85","314,73","316,50","312,61","22,01M","-0,45%"
"23/05/2023","315,26","320,03","322,72","315,25","29,93M","-1,84%"
"22/05/2023","321,18","318,60","322,59","318,01","23,05M","0,89%"
"19/05/2023","318,34","316,74","318,75","316,37","25,73M","-0,06%"
"18/05/2023","318,52","314,53","319,04","313,72","26,37M","1,44%"
"17/05/2023","314,00","312,29","314,43","310,74","24,32M","0,72%"
"16/05/2023","311,74","309,83","313,71","309,83","26,73M","0,74%"
"15/05/2023","309,46","309,10","309,90","307,59","16,29M","0,16%"
"12/05/2023","308,97","310,55","310,65","306,60","19,77M","-0,37%"
"11/05/2023","310,11","310,10","311,12","306,26","31,68M","-0,70%"
"10/05/2023","312,31","308,62","313,00","307,67","30,08M","1,73%"
"09/05/2023","307,00","308,00","310,04","306,31","21,34M","-0,53%"
"08/05/2023","308,65","310,13","310,20","306,09","21,32M","-0,64%"
"05/05/2023","310,65","305,72","311,97","304,27","28,20M","1,72%"
"04/05/2023","305,41","306,24","307,76","303,40","22,20M","0,33%"
"03/05/2023","304,40","306,62","308,61","304,09","22,16M","-0,33%"
"02/05/2023","305,41","307,76","309,18","303,91","26,40M","-0,05%"
"01/05/2023","305,56","306,97","308,60","305,15","21,25M","-0,55%"
"28/04/2023","307,26","304,01","308,93","303,31","36,47M","0,80%"
"27/04/2023","304,83","295,97","305,20","295,25","46,21M","3,20%"
"26/04/2023","295,37","296,70","299,57","292,73","64,48M","7,24%"
"25/04/2023","275,42","279,51","281,60","275,37","40,23M","-2,25%"
"24/04/2023","281,77","282,09","284,95","278,72","26,51M","-1,40%"
"21/04/2023","285,76","285,01","286,27","283,06","21,68M","-0,12%"
"20/04/2023","286,11","285,25","289,03","285,08","23,24M","-0,81%"
"19/04/2023","288,45","285,99","289,05","284,54","17,08M","0,03%"
"18/04/2023","288,37","291,57","291,76","287,01","20,10M","-0,15%"
"17/04/2023","288,80","289,93","291,60","286,16","23,84M","0,93%"
"14/04/2023","286,14","287,00","288,48","283,69","20,99M","-1,28%"
"13/04/2023","289,84","283,59","289,90","283,17","24,12M","2,24%"
"12/04/2023","283,49","284,79","287,01","281,96","27,40M","0,23%"
"11/04/2023","282,83","285,75","285,98","281,64","27,20M","-2,27%"
"10/04/2023","289,39","289,21","289,60","284,71","23,03M","-0,76%"
"06/04/2023","291,60","283,21","292,08","282,03","29,77M","2,55%"
"05/04/2023","284,34","285,85","287,15","282,92","22,00M","-0,99%"
"04/04/2023","287,18","287,23","290,45","285,67","25,78M","-0,02%"
"03/04/2023","287,23","286,52","288,27","283,95","24,84M","-0,37%"
"31/03/2023","288,30","283,73","289,27","283,00","32,70M","1,50%"
"30/03/2023","284,05","284,23","284,46","281,48","24,99M","1,26%"
"29/03/2023","280,51","278,96","281,14","278,41","25,09M","1,92%"
"28/03/2023","275,23","275,79","276,14","272,05","21,84M","-0,42%"
"27/03/2023","276,38","280,50","281,46","275,52","26,76M","-1,49%"
"24/03/2023","280,57","277,24","280,63","275,28","28,20M","1,05%"
"23/03/2023","277,66","277,94","281,06","275,20","36,38M","1,97%"
"22/03/2023","272,29","273,40","281,04","272,18","34,73M","-0,54%"
"21/03/2023","273,78","274,88","275,00","269,52","33,99M","0,57%"
"20/03/2023","272,23","276,98","277,48","269,85","42,78M","-2,58%"
"17/03/2023","279,43","278,26","283,33","276,32","69,53M","1,17%"
"16/03/2023","276,20","265,20","276,56","263,28","53,64M","4,05%"
"15/03/2023","265,44","259,98","266,48","259,21","45,77M","1,78%"
"14/03/2023","260,79","256,75","261,07","255,86","33,34M","2,71%"
"13/03/2023","253,92","247,40","257,91","245,73","33,34M","2,14%"
"10/03/2023","248,59","251,08","252,79","247,60","28,33M","-1,48%"
"09/03/2023","252,32","255,82","259,56","251,58","26,48M","-0,54%"
"08/03/2023","253,70","254,04","254,54","250,81","17,34M","-0,18%"
"07/03/2023","254,15","256,30","257,69","253,39","21,47M","-1,06%"
"06/03/2023","256,87","256,42","260,12","255,98","24,11M","0,62%"
"03/03/2023","255,29","252,19","255,62","251,39","29,28M","1,66%"
"02/03/2023","251,11","246,55","251,40","245,61","24,75M","1,97%"
"01/03/2023","246,27","250,76","250,93","245,79","26,53M","-1,26%"
"28/02/2023","249,42","249,07","251,49","248,73","22,49M","-0,30%"
"27/02/2023","250,16","252,46","252,82","249,39","21,19M","0,38%"
"24/02/2023","249,22","249,96","251,00","248,10","24,99M","-2,18%"
"23/02/2023","254,77","255,56","256,84","250,48","29,22M","1,30%"
"22/02/2023","251,51","254,09","254,34","250,34","22,49M","-0,46%"
"21/02/2023","252,67","254,48","255,49","251,59","28,40M","-2,09%"
"17/02/2023","258,06","259,39","260,09","256,00","30,00M","-1,56%"
"16/02/2023","262,15","264,02","266,74","261,90","29,19M","-2,66%"
"15/02/2023","269,32","268,32","270,73","266,18","28,36M","-1,05%"
"14/02/2023","272,17","272,67","274,97","269,28","37,05M","0,31%"
"13/02/2023","271,32","267,64","274,60","267,15","44,43M","3,12%"
"10/02/2023","263,10","261,53","264,09","260,66","25,82M","-0,20%"
"09/02/2023","263,62","273,80","273,98","262,80","39,68M","-1,17%"
"08/02/2023","266,73","273,20","276,76","266,21","54,25M","-0,31%"
"07/02/2023","267,56","260,53","268,77","260,08","50,45M","4,20%"
"06/02/2023","256,77","257,44","258,30","254,78","22,44M","-0,61%"
"03/02/2023","258,35","259,54","264,20","257,10","29,08M","-2,36%"
"02/02/2023","264,60","258,82","264,69","257,25","39,18M","4,69%"
"01/02/2023","252,75","248,00","255,18","245,47","29,93M","1,99%"
"31/01/2023","247,81","243,45","247,95","242,95","26,54M","2,10%"
"30/01/2023","242,71","244,51","245,60","242,20","25,69M","-2,20%"
"27/01/2023","248,16","248,99","249,83","246,83","26,50M","0,06%"
"26/01/2023","248,00","243,65","248,31","242,00","33,16M","3,07%"
"25/01/2023","240,61","234,48","243,30","230,90","66,36M","-0,59%"
"24/01/2023","242,04","242,50","243,95","240,44","34,49M","-0,22%"
"23/01/2023","242,58","241,10","245,16","239,65","31,51M","0,98%"
"20/01/2023","240,22","234,85","240,74","234,51","35,39M","3,57%"
"19/01/2023","231,93","233,78","235,52","230,68","28,38M","-1,65%"
"18/01/2023","235,81","241,57","242,38","235,52","30,03M","-1,89%"
"17/01/2023","240,35","237,97","240,91","237,09","29,72M","0,47%"
"13/01/2023","239,23","237,00","239,37","234,92","21,33M","0,30%"
"12/01/2023","238,51","235,26","239,90","233,56","27,17M","1,16%"
"11/01/2023","235,77","231,29","235,95","231,11","28,39M","3,02%"
"10/01/2023","228,85","227,76","231,31","227,33","26,87M","0,76%"
"09/01/2023","227,12","226,45","231,24","226,41","27,04M","0,97%"
"06/01/2023","224,93","223,00","225,76","219,35","43,61M","1,18%"
"05/01/2023","222,31","227,20","227,55","221,76","39,23M","-2,96%"
"04/01/2023","229,10","232,27","232,87","225,96","50,28M","-4,37%"
"03/01/2023","239,58","243,08","245,75","237,40","25,68M","-0,10%"
"30/12/2022","239,82","238,21","239,96","236,66","21,94M","-0,49%"
"29/12/2022","241,01","235,65","241,92","235,65","19,74M","2,76%"
"28/12/2022","234,53","236,89","239,72","234,17","17,20M","-1,03%"
"27/12/2022","236,96","238,70","238,93","235,83","16,42M","-0,74%"
"23/12/2022","238,73","236,11","238,87","233,94","21,21M","0,23%"
"22/12/2022","238,19","241,26","241,99","233,87","28,62M","-2,55%"
"21/12/2022","244,43","241,69","245,62","240,11","23,67M","1,09%"
"20/12/2022","241,80","239,40","242,91","238,42","25,08M","0,56%"
"19/12/2022","240,45","244,86","245,21","238,71","29,63M","-1,73%"
"16/12/2022","244,69","248,55","249,84","243,51","86,10M","-1,73%"
"15/12/2022","249,01","253,72","254,20","247,34","35,49M","-3,19%"
"14/12/2022","257,22","257,13","262,59","254,31","35,41M","0,12%"
"13/12/2022","256,92","261,69","263,92","253,07","42,12M","1,75%"
"12/12/2022","252,51","247,45","252,54","247,17","30,43M","2,89%"
"09/12/2022","245,42","244,70","248,31","244,16","20,61M","-0,80%"
"08/12/2022","247,40","244,84","248,74","243,06","22,55M","1,24%"
"07/12/2022","244,37","244,83","246,16","242,21","20,43M","-0,31%"
"06/12/2022","245,12","250,82","251,86","243,78","22,43M","-2,03%"
"05/12/2022","250,20","252,01","253,82","248,06","22,56M","-1,89%"
"02/12/2022","255,02","249,82","256,06","249,69","21,53M","0,13%"
"01/12/2022","254,69","253,87","256,12","250,92","26,04M","-0,18%"
"30/11/2022","255,14","240,57","255,33","239,86","47,59M","6,16%"
"29/11/2022","240,33","241,40","242,79","238,21","17,96M","-0,59%"
"28/11/2022","241,76","246,08","246,65","240,80","24,81M","-2,32%"
"25/11/2022","247,49","247,31","248,70","246,73","9,20M","-0,04%"
"23/11/2022","247,58","245,10","248,28","244,27","19,51M","1,04%"
"22/11/2022","245,03","243,59","245,31","240,71","19,67M","1,23%"
"21/11/2022","242,05","241,43","244,67","241,19","26,39M","0,34%"
"18/11/2022","241,22","243,51","243,74","239,03","27,61M","-0,19%"
"17/11/2022","241,68","237,78","243,25","237,63","23,12M","-0,02%"
"16/11/2022","241,73","242,79","243,80","240,42","24,09M","-0,10%"
"15/11/2022","241,97","245,66","247,00","240,03","31,39M","0,17%"
"14/11/2022","241,55","241,99","243,91","239,21","31,12M","-2,25%"
"11/11/2022","247,11","242,99","247,99","241,93","34,62M","1,70%"
"10/11/2022","242,98","235,43","243,33","235,00","46,27M","8,23%"
"09/11/2022","224,51","227,37","228,63","224,33","27,85M","-1,91%"
"08/11/2022","228,87","228,70","231,65","225,84","28,19M","0,44%"
"07/11/2022","227,87","221,99","228,41","221,28","33,50M","2,93%"
"04/11/2022","221,39","217,55","221,59","213,43","36,79M","3,33%"
"03/11/2022","214,25","220,09","220,41","213,98","36,63M","-2,66%"
"02/11/2022","220,10","229,46","231,30","220,04","38,41M","-3,54%"
"01/11/2022","228,17","234,60","235,74","227,32","30,59M","-1,71%"
"31/10/2022","232,13","233,76","234,92","231,15","28,36M","-1,59%"
"28/10/2022","235,87","226,24","236,60","226,05","40,65M","4,02%"
"27/10/2022","226,75","231,04","233,69","225,78","40,42M","-1,98%"
"26/10/2022","231,32","231,17","238,30","230,06","82,68M","-7,72%"
"25/10/2022","250,66","247,26","251,04","245,83","34,78M","1,38%"
"24/10/2022","247,25","243,76","247,84","241,29","24,91M","2,12%"
"21/10/2022","242,12","234,74","243,00","234,50","26,30M","2,53%"
"20/10/2022","236,15","235,77","241,31","234,87","21,81M","-0,14%"
"19/10/2022","236,48","237,04","239,61","234,29","19,99M","-0,85%"
"18/10/2022","238,50","243,24","243,93","235,37","26,33M","0,41%"
"17/10/2022","237,53","235,82","238,96","235,13","28,14M","3,92%"
"14/10/2022","228,56","235,54","237,24","228,34","30,20M","-2,42%"
"13/10/2022","234,24","219,85","236,10","219,13","42,55M","3,76%"
"12/10/2022","225,75","225,40","227,86","223,96","21,90M","0,15%"
"11/10/2022","225,41","227,62","229,06","224,11","30,47M","-1,68%"
"10/10/2022","229,25","233,05","234,56","226,73","29,74M","-2,13%"
"07/10/2022","234,24","240,90","241,32","233,17","37,77M","-5,09%"
"06/10/2022","246,79","247,93","250,34","246,08","20,24M","-0,97%"
"05/10/2022","249,20","245,99","250,58","244,10","20,35M","0,13%"
"04/10/2022","248,88","245,09","250,36","244,98","34,89M","3,38%"
"03/10/2022","240,74","235,41","241,61","234,66","28,88M","3,37%"
"30/09/2022","232,90","238,29","240,54","232,73","35,69M","-1,94%"
"29/09/2022","237,50","238,89","239,95","234,41","27,48M","-1,48%"
"28/09/2022","241,07","236,81","242,33","234,73","29,03M","1,97%"
"27/09/2022","236,41","239,98","241,80","234,50","27,02M","-0,44%"
"26/09/2022","237,45","237,04","241,45","236,90","27,69M","-0,20%"
"23/09/2022","237,92","239,54","241,13","235,20","34,18M","-1,27%"
"22/09/2022","240,98","237,87","243,86","237,57","31,06M","0,85%"
"21/09/2022","238,95","244,27","247,66","238,90","28,63M","-1,44%"
"20/09/2022","242,45","242,07","243,51","239,64","26,66M","-0,85%"
"19/09/2022","244,52","242,46","245,14","240,85","26,83M","-0,09%"
"16/09/2022","244,74","244,26","245,30","242,06","39,79M","-0,26%"
"15/09/2022","245,38","249,77","251,40","244,02","31,53M","-2,71%"
"14/09/2022","252,22","253,53","254,23","249,86","23,91M","0,09%"
"13/09/2022","251,99","258,84","260,40","251,59","33,35M","-5,50%"
"12/09/2022","266,65","265,78","267,45","265,16","18,75M","0,83%"
"09/09/2022","264,46","260,50","265,23","260,29","22,09M","2,30%"
"08/09/2022","258,52","257,51","260,43","254,79","20,32M","0,17%"
"07/09/2022","258,09","254,70","258,83","253,22","24,13M","1,91%"
"06/09/2022","253,25","256,20","257,83","251,94","21,33M","-1,10%"
"02/09/2022","256,06","261,70","264,74","254,47","22,86M","-1,67%"
"01/09/2022","260,40","258,87","260,89","255,41","23,26M","-0,41%"
"31/08/2022","261,47","265,39","267,11","261,33","24,79M","-0,57%"
"30/08/2022","262,97","266,67","267,05","260,66","22,77M","-0,85%"
"29/08/2022","265,23","265,85","267,40","263,85","20,34M","-1,07%"
"26/08/2022","268,09","279,08","280,34","267,98","27,55M","-3,86%"
"25/08/2022","278,85","277,33","279,02","274,52","16,58M","1,11%"
"24/08/2022","275,79","275,41","277,23","275,11","18,14M","-0,24%"
"23/08/2022","276,44","276,44","278,86","275,40","17,53M","-0,47%"
"22/08/2022","277,75","282,08","282,46","277,22","25,06M","-2,94%"
"19/08/2022","286,15","288,90","289,25","285,56","20,57M","-1,39%"
"18/08/2022","290,17","290,19","291,91","289,08","17,19M","-0,39%"
"17/08/2022","291,32","289,74","293,35","289,47","18,25M","-0,47%"
"16/08/2022","292,71","291,99","294,04","290,42","18,10M","-0,26%"
"15/08/2022","293,47","291,00","294,18","290,11","18,09M","0,53%"
"12/08/2022","291,91","288,48","291,91","286,94","22,62M","1,70%"
"11/08/2022","287,02","290,85","291,21","286,51","20,07M","-0,74%"
"10/08/2022","289,16","288,17","289,81","286,94","24,69M","2,43%"
"09/08/2022","282,30","279,64","283,08","277,61","23,41M","0,71%"
"08/08/2022","280,32","284,05","285,92","279,32","18,76M","-0,92%"
"05/08/2022","282,91","279,15","283,65","278,68","16,77M","-0,26%"
"04/08/2022","283,65","281,80","283,80","280,17","18,10M","0,42%"
"03/08/2022","282,47","276,76","283,50","276,61","23,52M","2,78%"
"02/08/2022","274,82","276,00","277,89","272,38","22,75M","-1,15%"
"01/08/2022","278,01","277,82","281,28","275,84","21,54M","-0,97%"
"29/07/2022","280,74","277,70","282,00","276,63","32,15M","1,57%"
"28/07/2022","276,41","269,75","277,84","267,87","33,46M","2,85%"
"27/07/2022","268,74","261,16","270,05","258,85","45,99M","6,69%"
"26/07/2022","251,90","259,86","259,88","249,57","39,35M","-2,68%"
"25/07/2022","258,83","260,99","261,50","256,81","21,06M","-0,59%"
"22/07/2022","260,36","265,24","265,33","259,07","21,88M","-1,69%"
"21/07/2022","264,84","259,79","264,89","257,03","22,40M","0,98%"
"20/07/2022","262,27","259,90","264,87","258,91","22,79M","1,06%"
"19/07/2022","259,53","257,58","259,72","253,68","25,01M","2,08%"
"18/07/2022","254,25","259,75","260,84","253,30","20,98M","-0,96%"
"15/07/2022","256,72","255,72","260,37","254,77","29,77M","1,04%"
"14/07/2022","254,08","250,57","255,14","245,94","25,10M","0,54%"
"13/07/2022","252,72","250,19","253,55","248,11","29,50M","-0,37%"
"12/07/2022","253,67","265,88","265,94","252,04","35,87M","-4,10%"
"11/07/2022","264,51","265,65","266,53","262,18","19,52M","-1,18%"
"08/07/2022","267,66","264,79","268,10","263,29","19,66M","-0,28%"
"07/07/2022","268,40","265,12","269,05","265,02","20,86M","0,82%"
"06/07/2022","266,21","263,75","267,99","262,40","23,82M","1,28%"
"05/07/2022","262,85","256,16","262,98","254,74","22,97M","1,26%"
"01/07/2022","259,58","256,39","259,77","254,61","22,84M","1,07%"
"30/06/2022","256,83","257,05","259,53","252,90","31,73M","-1,32%"
"29/06/2022","260,26","257,59","261,97","255,76","20,07M","1,47%"
"28/06/2022","256,48","263,98","266,91","256,32","27,38M","-3,17%"
"27/06/2022","264,89","268,20","268,30","263,28","24,62M","-1,05%"
"24/06/2022","267,70","261,81","267,98","261,72","33,92M","3,41%"
"23/06/2022","258,86","255,57","259,37","253,63","25,86M","2,26%"
"22/06/2022","253,13","251,89","257,17","250,37","25,96M","-0,24%"
"21/06/2022","253,74","250,26","254,75","249,51","29,93M","2,46%"
"17/06/2022","247,65","244,70","250,50","244,03","43,08M","1,09%"
"16/06/2022","244,97","245,98","247,42","243,02","33,17M","-2,70%"
"15/06/2022","251,76","248,31","255,30","246,42","33,11M","2,97%"
"14/06/2022","244,49","243,86","245,74","241,51","28,65M","0,92%"
"13/06/2022","242,26","245,11","249,02","241,53","46,14M","-4,24%"
"10/06/2022","252,99","260,58","260,58","252,53","31,45M","-4,46%"
"09/06/2022","264,79","267,78","272,71","264,63","26,44M","-2,08%"
"08/06/2022","270,41","271,71","273,00","269,61","17,37M","-0,77%"
"07/06/2022","272,50","266,64","273,13","265,94","22,86M","1,40%"
"06/06/2022","268,75","272,06","274,18","267,22","22,40M","-0,47%"
"03/06/2022","270,02","270,31","273,45","268,41","28,06M","-1,66%"
"02/06/2022","274,58","264,45","274,65","261,60","44,01M","0,79%"
"01/06/2022","272,42","275,20","277,69","270,04","25,29M","0,20%"
"31/05/2022","271,87","272,53","274,77","268,93","37,83M","-0,50%"
"27/05/2022","273,24","268,48","273,34","267,56","26,91M","2,76%"
"26/05/2022","265,90","262,27","267,11","261,43","25,00M","1,29%"
"25/05/2022","262,52","258,14","264,58","257,13","28,55M","1,12%"
"24/05/2022","259,62","257,89","261,33","253,50","29,04M","-0,40%"
"23/05/2022","260,65","255,49","261,50","253,43","33,18M","3,20%"
"20/05/2022","252,56","257,24","258,54","246,44","39,20M","-0,23%"
"19/05/2022","253,14","253,90","257,67","251,88","32,69M","-0,37%"
"18/05/2022","254,08","263,00","263,60","252,77","31,36M","-4,77%"
"17/05/2022","266,82","266,11","268,33","262,46","28,83M","2,03%"
"16/05/2022","261,50","259,95","265,82","255,78","32,55M","0,15%"
"13/05/2022","261,12","257,35","263,04","255,35","34,93M","2,26%"
"12/05/2022","255,35","257,69","259,88","250,02","51,03M","-2,00%"
"11/05/2022","260,55","265,68","271,36","259,30","48,98M","-3,32%"
"10/05/2022","269,50","271,69","273,75","265,07","39,34M","1,86%"
"09/05/2022","264,58","270,06","272,36","263,32","47,73M","-3,69%"
"06/05/2022","274,73","274,80","279,25","271,27","37,78M","-0,94%"
"05/05/2022","277,35","285,54","286,35","274,34","43,26M","-4,36%"
"04/05/2022","289,98","282,59","290,88","276,73","33,60M","2,91%"
"03/05/2022","281,78","283,96","284,13","280,15","25,98M","-0,95%"
"02/05/2022","284,47","277,71","284,94","276,22","35,15M","2,50%"
"29/04/2022","277,52","288,61","289,88","276,50","37,07M","-4,18%"
"28/04/2022","289,63","285,18","290,98","281,46","33,65M","2,26%"
"27/04/2022","283,22","282,10","290,97","279,16","63,48M","4,81%"
"26/04/2022","270,22","277,50","278,36","270,00","46,52M","-3,74%"
"25/04/2022","280,72","273,29","281,11","270,77","35,68M","2,44%"
"22/04/2022","274,03","281,68","283,20","273,38","29,41M","-2,41%"
"21/04/2022","280,81","288,58","293,30","280,06","29,45M","-1,94%"
"20/04/2022","286,36","289,40","289,70","285,37","22,91M","0,37%"
"19/04/2022","285,30","279,38","286,17","278,41","22,30M","1,70%"
"18/04/2022","280,52","278,91","282,46","278,34","20,78M","0,25%"
"14/04/2022","279,83","288,09","288,30","279,32","28,22M","-2,71%"
"13/04/2022","287,62","282,73","288,58","281,30","21,91M","1,97%"
"12/04/2022","282,06","289,23","290,74","280,49","30,97M","-1,12%"
"11/04/2022","285,26","291,79","292,61","285,00","34,57M","-3,94%"
"08/04/2022","296,97","300,44","301,12","296,28","24,36M","-1,46%"
"07/04/2022","301,37","296,66","303,65","296,35","31,41M","0,62%"
"06/04/2022","299,50","305,19","307,00","296,71","40,11M","-3,66%"
"05/04/2022","310,88","313,27","314,86","309,87","23,16M","-1,30%"
"04/04/2022","314,97","310,09","315,11","309,71","24,34M","1,79%"
"01/04/2022","309,42","309,37","310,13","305,54","27,11M","0,36%"
"31/03/2022","308,31","313,90","315,14","307,89","33,42M","-1,77%"
"30/03/2022","313,86","313,76","315,95","311,58","28,16M","-0,49%"
"29/03/2022","315,41","313,91","315,82","309,05","30,39M","1,52%"
"28/03/2022","310,70","304,33","310,80","304,33","29,58M","2,31%"
"25/03/2022","303,68","305,23","305,50","299,29","22,57M","-0,14%"
"24/03/2022","304,10","299,14","304,20","298,32","24,48M","1,54%"
"23/03/2022","299,49","300,51","303,23","297,72","25,72M","-1,50%"
"22/03/2022","304,06","299,80","305,00","298,77","27,60M","1,64%"
"21/03/2022","299,16","298,89","300,14","294,90","28,35M","-0,42%"
"18/03/2022","300,43","295,37","301,00","292,73","43,39M","1,76%"
"17/03/2022","295,22","293,29","295,61","289,37","30,82M","0,28%"
"16/03/2022","294,39","289,11","294,57","283,20","37,83M","2,52%"
"15/03/2022","287,15","280,35","287,82","278,73","34,25M","3,87%"
"14/03/2022","276,44","280,34","285,40","275,82","30,66M","-1,30%"
"11/03/2022","280,07","287,96","289,51","279,43","27,21M","-1,93%"
"10/03/2022","285,59","283,02","286,60","280,58","30,63M","-1,01%"
"09/03/2022","288,50","283,44","289,60","280,78","35,20M","4,59%"
"08/03/2022","275,85","277,80","283,96","270,00","48,16M","-1,10%"
"07/03/2022","278,91","288,53","289,69","278,53","43,16M","-3,78%"
"04/03/2022","289,86","294,29","295,66","287,17","32,37M","-2,05%"
"03/03/2022","295,92","302,89","303,13","294,05","27,31M","-1,42%"
"02/03/2022","300,19","295,36","301,47","293,70","31,87M","1,78%"
"01/03/2022","294,95","296,40","299,97","292,15","31,22M","-1,29%"
"28/02/2022","298,79","294,31","299,14","293,00","34,63M","0,50%"
"25/02/2022","297,31","295,14","297,63","291,65","32,55M","0,92%"
"24/02/2022","294,59","272,51","295,16","271,52","56,99M","5,11%"
"23/02/2022","280,27","290,18","291,70","280,10","37,81M","-2,59%"
"22/02/2022","287,72","285,00","291,54","284,50","41,74M","-0,07%"
"18/02/2022","287,93","293,05","293,86","286,30","34,26M","-0,96%"
"17/02/2022","290,73","296,36","296,80","290,00","32,46M","-2,93%"
"16/02/2022","299,50","298,36","300,87","293,68","29,98M","-0,32%"
"15/02/2022","300,47","300,01","300,80","297,02","27,38M","1,85%"
"14/02/2022","295,00","293,77","296,76","291,35","36,36M","-0,01%"
"11/02/2022","295,04","303,19","304,29","294,22","39,18M","-2,43%"
"10/02/2022","302,38","304,04","309,12","300,70","45,39M","-2,84%"
"09/02/2022","311,21","309,86","311,93","307,39","31,28M","2,18%"
"08/02/2022","304,56","301,25","305,56","299,95","32,42M","1,20%"
"07/02/2022","300,95","306,17","307,84","299,90","28,53M","-1,63%"
"04/02/2022","305,94","300,21","308,80","299,97","35,10M","1,56%"
"03/02/2022","301,25","309,49","311,23","299,96","43,73M","-3,90%"
"02/02/2022","313,46","309,63","315,12","308,88","36,64M","1,52%"
"01/02/2022","308,76","310,41","310,63","305,13","40,95M","-0,71%"
"31/01/2022","310,98","308,95","312,38","306,37","46,44M","0,88%"
"28/01/2022","308,26","300,23","308,48","294,45","49,74M","2,81%"
"27/01/2022","299,84","302,66","307,30","297,93","53,48M","1,05%"
"26/01/2022","296,71","307,98","308,50","293,03","90,43M","2,85%"
"25/01/2022","288,49","291,52","294,99","285,17","72,85M","-2,66%"
"24/01/2022","296,37","292,20","297,11","276,05","86,04M","0,11%"
"21/01/2022","296,03","302,68","304,11","295,61","57,98M","-1,85%"
"20/01/2022","301,60","309,07","311,65","301,14","35,38M","-0,57%"
"19/01/2022","303,33","306,29","313,91","302,70","45,93M","0,22%"
"18/01/2022","302,65","304,07","309,80","301,74","42,43M","-2,43%"
"14/01/2022","310,20","304,25","310,82","303,75","39,85M","1,77%"
"13/01/2022","304,80","320,47","320,88","304,00","45,37M","-4,23%"
"12/01/2022","318,27","319,67","323,41","317,08","34,37M","1,04%"
"11/01/2022","314,98","313,38","316,61","309,89","29,39M","0,23%"
"10/01/2022","314,27","309,48","314,72","304,69","44,29M","0,07%"
"07/01/2022","314,04","314,15","316,50","310,09","32,72M","0,05%"
"06/01/2022","313,88","313,15","318,70","311,49","39,65M","-0,79%"
"05/01/2022","316,38","325,86","326,07","315,98","40,05M","-3,84%"
"04/01/2022","329,01","334,83","335,20","326,12","32,67M","-1,71%"
"03/01/2022","334,75","335,35","338,00","329,78","28,92M","-0,47%"